DATE,DEXINUS
2018-06-25,68.09
2018-06-26,68.31
2018-06-27,68.63
2018-06-28,68.81
2018-06-29,68.46
2018-07-02,68.78
2018-07-03,68.58
2018-07-04,.
2018-07-05,68.89
2018-07-06,68.8
2018-07-09,68.66
2018-07-10,68.76
2018-07-11,68.7
2018-07-12,68.52
2018-07-13,68.44
2018-07-16,68.6
2018-07-17,68.42
2018-07-18,68.62
2018-07-19,69.01
2018-07-20,68.74
2018-07-23,68.84
2018-07-24,68.94
2018-07-25,68.72
2018-07-26,68.66
2018-07-27,68.6
2018-07-30,68.6
2018-07-31,68.54
2018-08-01,68.37
2018-08-02,68.63
2018-08-03,68.54
2018-08-06,68.82
2018-08-07,68.62
2018-08-08,68.65
2018-08-09,68.74
2018-08-10,68.88
2018-08-13,70.02
2018-08-14,69.95
2018-08-15,69.92
2018-08-16,70.19
2018-08-17,70.09
2018-08-20,69.84
2018-08-21,69.85
2018-08-22,69.85
2018-08-23,70.09
2018-08-24,69.96
2018-08-27,70.16
2018-08-28,70.09
2018-08-29,70.53
2018-08-30,70.74
2018-08-31,71.0
2018-09-03,.
2018-09-04,71.58
2018-09-05,71.75
2018-09-06,71.94
2018-09-07,71.78
2018-09-10,72.45
2018-09-11,72.69
2018-09-12,72.15
2018-09-13,72.02
2018-09-14,71.87
2018-09-17,72.51
2018-09-18,72.98
2018-09-19,72.35
2018-09-20,72.01
2018-09-21,72.18
2018-09-24,72.66
2018-09-25,72.68
2018-09-26,72.59
2018-09-27,72.55
2018-09-28,72.54
2018-10-01,72.92
2018-10-02,72.91
2018-10-03,73.34
2018-10-04,73.62
2018-10-05,73.76
2018-10-08,.
2018-10-09,74.33
2018-10-10,74.25
2018-10-11,74.04
2018-10-12,73.6
2018-10-15,73.76
2018-10-16,73.46
2018-10-17,73.52
2018-10-18,73.52
2018-10-19,73.37
2018-10-22,73.56
2018-10-23,73.54
2018-10-24,73.18
2018-10-25,73.21
2018-10-26,73.46
2018-10-29,73.42
2018-10-30,73.62
2018-10-31,73.95
2018-11-01,73.45
2018-11-02,72.44
2018-11-05,73.08
2018-11-06,72.95
2018-11-07,72.44
2018-11-08,72.37
2018-11-09,72.48
2018-11-12,.
2018-11-13,72.61
2018-11-14,72.3
2018-11-15,71.97
2018-11-16,71.98
2018-11-19,71.6
2018-11-20,71.49
2018-11-21,71.3
2018-11-22,.
2018-11-23,70.65
2018-11-26,70.81
2018-11-27,70.8
2018-11-28,70.63
2018-11-29,69.79
2018-11-30,69.62
2018-12-03,70.4
2018-12-04,70.52
2018-12-05,.
2018-12-06,70.84
2018-12-07,70.85
2018-12-10,72.436
2018-12-11,72.27
2018-12-12,71.79
2018-12-13,71.52
2018-12-14,71.94
2018-12-17,71.6
2018-12-18,70.61
2018-12-19,70.26
2018-12-20,69.96
2018-12-21,70.09
2018-12-24,.
2018-12-25,.
2018-12-26,70.07
2018-12-27,70.34
2018-12-28,69.92
2018-12-31,69.58
2019-01-01,.
2019-01-02,70.02
2019-01-03,70.12
2019-01-04,69.63
2019-01-07,69.78
2019-01-08,70.11
2019-01-09,70.42
2019-01-10,70.43
2019-01-11,70.38
2019-01-14,.
2019-01-15,71.0
2019-01-16,70.97
2019-01-17,71.09
2019-01-18,71.21
2019-01-21,.
2019-01-22,71.23
2019-01-23,71.21
2019-01-24,71.02
2019-01-25,70.94
2019-01-28,71.06
2019-01-29,71.4
2019-01-30,71.24
2019-01-31,70.94
2019-02-01,71.41
2019-02-04,71.66
2019-02-05,71.52
2019-02-06,71.55
2019-02-07,71.3
2019-02-08,71.23
2019-02-11,71.15
2019-02-12,70.56
2019-02-13,70.86
2019-02-14,71.18
2019-02-15,71.36
2019-02-18,.
2019-02-19,71.31
2019-02-20,.
2019-02-21,71.15
2019-02-22,71.07
2019-02-25,70.82
2019-02-26,71.02
2019-02-27,71.15
2019-02-28,70.83
2019-03-01,70.9
2019-03-04,70.91
2019-03-05,70.55
2019-03-06,70.02
2019-03-07,70.09
2019-03-08,70.0
2019-03-11,69.82
2019-03-12,69.62
2019-03-13,69.52
2019-03-14,69.33
2019-03-15,68.94
2019-03-18,68.6
2019-03-19,69.02
2019-03-20,68.85
2019-03-21,68.72
2019-03-22,69.01
2019-03-25,68.88
2019-03-26,68.98
2019-03-27,69.13
2019-03-28,69.23
2019-03-29,69.16
2019-04-01,69.18
2019-04-02,68.91
2019-04-03,68.58
2019-04-04,69.03
2019-04-05,69.11
2019-04-08,69.56
2019-04-09,69.28
2019-04-10,69.12
2019-04-11,68.97
2019-04-12,69.21
2019-04-15,69.38
2019-04-16,69.51
2019-04-17,69.43
2019-04-18,69.42
2019-04-19,69.37
2019-04-22,69.64
2019-04-23,69.78
2019-04-24,69.91
2019-04-25,70.19
2019-04-26,69.93
2019-04-29,69.8
2019-04-30,69.64
2019-05-01,69.52
2019-05-02,69.4
2019-05-03,69.08
2019-05-06,69.4
2019-05-07,69.62
2019-05-08,69.73
2019-05-09,70.21
2019-05-10,70.02
2019-05-13,70.62
2019-05-14,70.3
2019-05-15,70.22
2019-05-16,70.08
2019-05-17,70.28
2019-05-20,69.59
2019-05-21,69.61
2019-05-22,69.71
2019-05-23,69.66
2019-05-24,69.37
2019-05-27,.
2019-05-28,69.56
2019-05-29,69.8
2019-05-30,69.81
2019-05-31,69.63
2019-06-03,69.15
2019-06-04,69.28
2019-06-05,69.41
2019-06-06,69.21
2019-06-07,69.32
2019-06-10,69.49
2019-06-11,69.42
2019-06-12,69.35
2019-06-13,69.53
2019-06-14,69.81
2019-06-17,69.83
2019-06-18,69.6
2019-06-19,69.64
2019-06-20,69.44
2019-06-21,69.59
2019-06-24,69.32
2019-06-25,69.26
2019-06-26,69.18
2019-06-27,69.01
2019-06-28,68.92
2019-07-01,68.87
2019-07-02,68.87
2019-07-03,68.79
2019-07-04,.
2019-07-05,68.48
2019-07-08,68.55
2019-07-09,68.54
2019-07-10,68.4
2019-07-11,68.4
2019-07-12,68.57
2019-07-15,68.52
2019-07-16,68.66
2019-07-17,68.84
2019-07-18,68.85
2019-07-19,68.82
2019-07-22,68.89
2019-07-23,68.99
2019-07-24,68.94
2019-07-25,69.03
2019-07-26,68.89
2019-07-29,68.73
2019-07-30,68.82
2019-07-31,68.81
2019-08-01,69.0
2019-08-02,69.65
2019-08-05,70.8
2019-08-06,70.9
2019-08-07,71.18
2019-08-08,70.62
2019-08-09,70.91
2019-08-12,71.27
2019-08-13,71.41
2019-08-14,71.27
2019-08-15,71.79
2019-08-16,71.15
2019-08-19,71.44
2019-08-20,71.54
2019-08-21,71.43
2019-08-22,71.9
2019-08-23,71.49
2019-08-26,72.02
2019-08-27,71.52
2019-08-28,71.75
2019-08-29,71.67
2019-08-30,71.45
2019-09-02,.
2019-09-03,72.2
2019-09-04,72.11
2019-09-05,71.84
2019-09-06,71.68
2019-09-09,71.66
2019-09-10,71.89
2019-09-11,71.62
2019-09-12,70.91
2019-09-13,71.0
2019-09-16,71.53
2019-09-17,71.47
2019-09-18,71.16
2019-09-19,71.31
2019-09-20,71.05
2019-09-23,70.79
2019-09-24,70.94
2019-09-25,71.0
2019-09-26,70.93
2019-09-27,70.49
2019-09-30,70.64
2019-10-01,71.11
2019-10-02,71.17
2019-10-03,71.03
2019-10-04,70.86
2019-10-07,70.97
2019-10-08,71.21
2019-10-09,71.09
2019-10-10,70.98
2019-10-11,70.91
2019-10-14,.
2019-10-15,71.48
2019-10-16,71.37
2019-10-17,71.09
2019-10-18,71.07
2019-10-21,70.9
2019-10-22,70.81
2019-10-23,70.81
2019-10-24,71.01
2019-10-25,70.78
2019-10-28,70.71
2019-10-29,70.86
2019-10-30,70.96
2019-10-31,71.01
2019-11-01,70.76
2019-11-04,70.79
2019-11-05,70.81
2019-11-06,70.96
2019-11-07,71.04
2019-11-08,71.35
2019-11-11,.
2019-11-12,71.75
2019-11-13,72.12
2019-11-14,71.99
2019-11-15,71.6
2019-11-18,71.9
2019-11-19,71.86
2019-11-20,71.74
2019-11-21,71.75
2019-11-22,71.76
2019-11-25,71.69
2019-11-26,71.51
2019-11-27,71.26
2019-11-28,.
2019-11-29,71.75
2019-12-02,71.65
2019-12-03,71.7
2019-12-04,71.47
2019-12-05,71.26
2019-12-06,71.26
2019-12-09,71.02
2019-12-10,70.84
2019-12-11,70.73
2019-12-12,70.62
2019-12-13,70.8
2019-12-16,70.89
2019-12-17,71.04
2019-12-18,70.97
2019-12-19,71.11
2019-12-20,71.07
2019-12-23,71.24
2019-12-24,71.23
2019-12-25,.
2019-12-26,71.28
2019-12-27,71.45
2019-12-30,71.3
2019-12-31,71.36
2020-01-01,.
2020-01-02,71.34
2020-01-03,71.76
2020-01-06,71.86
2020-01-07,71.84
2020-01-08,71.51
2020-01-09,71.16
2020-01-10,70.94
2020-01-13,70.74
2020-01-14,70.85
2020-01-15,70.69
2020-01-16,70.95
2020-01-17,71.08
2020-01-20,.
2020-01-21,71.17
2020-01-22,71.07
2020-01-23,71.45
2020-01-24,71.31
2020-01-27,71.45
2020-01-28,71.24
2020-01-29,71.35
2020-01-30,71.57
2020-01-31,71.53
2020-02-03,71.32
2020-02-04,71.11
2020-02-05,71.19
2020-02-06,71.19
2020-02-07,71.47
2020-02-10,71.28
2020-02-11,71.25
2020-02-12,71.29
2020-02-13,71.27
2020-02-14,71.52
2020-02-17,.
2020-02-18,71.56
2020-02-19,71.55
2020-02-20,71.67
2020-02-21,71.9
2020-02-24,71.92
2020-02-25,71.81
2020-02-26,71.58
2020-02-27,71.65
2020-02-28,72.53
2020-03-02,72.88
2020-03-03,73.03
2020-03-04,73.49
2020-03-05,73.5
2020-03-06,74.0
2020-03-09,74.21
2020-03-10,74.15
2020-03-11,73.68
2020-03-12,74.25
2020-03-13,73.86
2020-03-16,74.01
2020-03-17,74.26
2020-03-18,74.55
2020-03-19,74.78
2020-03-20,75.31
2020-03-23,76.29
2020-03-24,76.37
2020-03-25,76.36
2020-03-26,74.89
2020-03-27,75.47
2020-03-30,75.33
2020-03-31,75.39
2020-04-01,76.4
2020-04-02,76.34
2020-04-03,76.24
2020-04-06,75.95
2020-04-07,75.64
2020-04-08,75.96
2020-04-09,76.3
2020-04-10,75.87
2020-04-13,76.25
2020-04-14,76.11
2020-04-15,76.56
2020-04-16,76.75
2020-04-17,76.56
2020-04-20,76.56
2020-04-21,76.95
2020-04-22,76.44
2020-04-23,75.84
2020-04-24,76.26
2020-04-27,76.23
2020-04-28,75.96
2020-04-29,75.45
2020-04-30,75.08
2020-05-01,75.75
2020-05-04,75.64
2020-05-05,75.72
2020-05-06,76.08
2020-05-07,75.78
2020-05-08,75.58
2020-05-11,75.87
2020-05-12,75.03
2020-05-13,75.33
2020-05-14,75.48
2020-05-15,75.82
2020-05-18,75.74
2020-05-19,75.67
2020-05-20,75.47
2020-05-21,75.63
2020-05-22,75.99
2020-05-25,.
2020-05-26,75.43
2020-05-27,75.88
2020-05-28,75.67
2020-05-29,75.59
2020-06-01,75.56
2020-06-02,75.03
2020-06-03,75.32
2020-06-04,75.43
2020-06-05,75.61
2020-06-08,75.44
2020-06-09,75.44
2020-06-10,75.65
2020-06-11,75.97
2020-06-12,76.03
2020-06-15,75.97
2020-06-16,76.19
2020-06-17,76.25
2020-06-18,76.32
2020-06-19,76.21
2020-06-22,75.76
2020-06-23,75.48
2020-06-24,75.65
2020-06-25,75.58
2020-06-26,75.63
2020-06-29,75.52
2020-06-30,75.53
2020-07-01,75.5
2020-07-02,74.78
2020-07-03,.
2020-07-06,74.62
2020-07-07,74.81
2020-07-08,74.94
2020-07-09,75.12
2020-07-10,75.14
2020-07-13,75.16
2020-07-14,75.38
2020-07-15,75.11
2020-07-16,75.11
2020-07-17,74.93
2020-07-20,74.77
2020-07-21,74.54
2020-07-22,74.56
2020-07-23,74.81
2020-07-24,74.77
2020-07-27,74.77
2020-07-28,74.91
2020-07-29,74.92
2020-07-30,74.88
2020-07-31,74.9
2020-08-03,75.2
2020-08-04,75.06
2020-08-05,74.8
2020-08-06,74.87
2020-08-07,75.04
2020-08-10,74.91
2020-08-11,74.61
2020-08-12,74.73
2020-08-13,74.81
2020-08-14,74.87
2020-08-17,74.74
2020-08-18,74.62
2020-08-19,74.85
2020-08-20,75.01
2020-08-21,74.92
2020-08-24,74.17
2020-08-25,74.2
2020-08-26,74.22
2020-08-27,73.89
2020-08-28,73.11
2020-08-31,73.25
2020-09-01,73.0
2020-09-02,73.27
2020-09-03,73.39
2020-09-04,73.29
2020-09-07,.
2020-09-08,73.78
2020-09-09,73.38
2020-09-10,73.43
2020-09-11,73.45
2020-09-14,73.42
2020-09-15,73.57
2020-09-16,73.54
2020-09-17,73.6
2020-09-18,73.54
2020-09-21,73.58
2020-09-22,73.5
2020-09-23,73.53
2020-09-24,73.9
2020-09-25,73.71
2020-09-28,73.79
2020-09-29,73.78
2020-09-30,73.54
2020-10-01,73.18
2020-10-02,73.35
2020-10-05,73.09
2020-10-06,73.4
2020-10-07,73.28
2020-10-08,73.33
2020-10-09,72.98
2020-10-12,.
2020-10-13,73.45
2020-10-14,73.24
2020-10-15,73.48
2020-10-16,73.42
2020-10-19,73.31
2020-10-20,73.47
2020-10-21,73.62
2020-10-22,73.65
2020-10-23,73.86
2020-10-26,73.93
2020-10-27,73.62
2020-10-28,74.19
2020-10-29,74.42
2020-10-30,74.59
2020-11-02,74.51
2020-11-03,74.61
2020-11-04,74.36
2020-11-05,73.93
2020-11-06,73.96
2020-11-09,74.03
2020-11-10,74.31
2020-11-11,.
2020-11-12,74.63
2020-11-13,74.56
2020-11-16,74.41
2020-11-17,74.42
2020-11-18,74.1
2020-11-19,74.16
2020-11-20,74.12
2020-11-23,74.21
2020-11-24,74.08
2020-11-25,73.75
2020-11-26,.
2020-11-27,.
2020-11-30,74.01
2020-12-01,73.51
2020-12-02,73.72
2020-12-03,73.8
2020-12-04,73.78
2020-12-07,73.83
2020-12-08,73.68
2020-12-09,73.71
2020-12-10,73.72
2020-12-11,73.73
2020-12-14,73.64
2020-12-15,73.56
2020-12-16,73.65
2020-12-17,73.53
2020-12-18,73.53
2020-12-21,74.03
2020-12-22,73.85
2020-12-23,73.77
2020-12-24,.
2020-12-25,.
2020-12-28,73.5
2020-12-29,73.33
2020-12-30,73.13
2020-12-31,73.01
2021-01-01,.
2021-01-04,73.08
2021-01-05,73.15
2021-01-06,73.15
2021-01-07,73.43
2021-01-08,73.31
2021-01-11,73.5
2021-01-12,73.26
2021-01-13,73.07
2021-01-14,73.11
2021-01-15,73.08
2021-01-18,.
2021-01-19,73.2
2021-01-20,.
2021-01-21,72.96
2021-01-22,72.98
2021-01-25,73.01
2021-01-26,72.9
2021-01-27,73.05
2021-01-28,72.91
2021-01-29,72.84
2021-02-01,73.11
2021-02-02,72.95
2021-02-03,72.84
2021-02-04,72.93
2021-02-05,72.85
2021-02-08,72.9
2021-02-09,72.83
2021-02-10,72.82
2021-02-11,72.69
2021-02-12,72.6
2021-02-15,.
2021-02-16,72.86
2021-02-17,72.81
2021-02-18,72.65
2021-02-19,72.5
2021-02-22,72.48
2021-02-23,72.44
2021-02-24,72.38
2021-02-25,72.74
2021-02-26,73.92
2021-03-01,73.4
2021-03-02,73.29
2021-03-03,72.85
2021-03-04,72.73
2021-03-05,73.21
2021-03-08,73.32
2021-03-09,72.89
2021-03-10,72.86
2021-03-11,72.69
2021-03-12,72.71
2021-03-15,72.58
2021-03-16,72.52
2021-03-17,72.56
2021-03-18,72.63
2021-03-19,72.45
2021-03-22,72.37
2021-03-23,72.52
2021-03-24,72.59
2021-03-25,72.69
2021-03-26,72.65
2021-03-29,72.75
2021-03-30,73.45
2021-03-31,73.14
2021-04-01,73.32
2021-04-02,73.37
2021-04-05,73.29
2021-04-06,73.49
2021-04-07,74.35
2021-04-08,74.57
2021-04-09,74.72
2021-04-12,75.03
2021-04-13,75.27
2021-04-14,75.07
2021-04-15,74.81
2021-04-16,74.48
2021-04-19,74.87
2021-04-20,75.38
2021-04-21,75.42
2021-04-22,75.11
2021-04-23,74.97
2021-04-26,74.75
2021-04-27,74.58
2021-04-28,74.49
2021-04-29,74.07
2021-04-30,74.0
2021-05-03,73.82
2021-05-04,73.8
2021-05-05,73.81
2021-05-06,73.64
2021-05-07,73.27
2021-05-10,73.41
2021-05-11,73.39
2021-05-12,73.53
2021-05-13,73.48
2021-05-14,73.23
2021-05-17,73.3
2021-05-18,73.04
2021-05-19,73.2
2021-05-20,73.03
2021-05-21,72.82
2021-05-24,72.86
2021-05-25,72.78
2021-05-26,72.71
2021-05-27,72.59
2021-05-28,72.42
2021-05-31,.
2021-06-01,72.83
2021-06-02,72.97
2021-06-03,73.01
2021-06-04,72.87
2021-06-07,72.8
2021-06-08,72.93
2021-06-09,72.98
2021-06-10,73.1
2021-06-11,73.24
2021-06-14,73.16
2021-06-15,73.35
2021-06-16,73.31
2021-06-17,74.16
2021-06-18,74.14
2021-06-21,74.18
2021-06-22,74.37
2021-06-23,74.13
2021-06-24,74.14
2021-06-25,74.14
2021-06-28,74.29
2021-06-29,74.29
2021-06-30,74.33
2021-07-01,74.56
2021-07-02,74.51
2021-07-05,.
2021-07-06,74.58
2021-07-07,74.81
2021-07-08,74.76
2021-07-09,74.53
2021-07-12,74.56
2021-07-13,74.51
2021-07-14,74.54
2021-07-15,74.55
2021-07-16,74.61
2021-07-19,74.85
2021-07-20,74.6
2021-07-21,74.49
2021-07-22,74.46
2021-07-23,74.44
2021-07-26,74.35
2021-07-27,74.5
2021-07-28,74.52
2021-07-29,74.25
2021-07-30,74.34
2021-08-02,74.35
2021-08-03,74.25
2021-08-04,74.15
2021-08-05,74.1
2021-08-06,74.19
2021-08-09,74.31
2021-08-10,74.5
2021-08-11,74.25
2021-08-12,74.31
2021-08-13,74.24
2021-08-16,74.19
2021-08-17,74.38
2021-08-18,74.27
2021-08-19,74.38
2021-08-20,74.35
2021-08-23,74.12
2021-08-24,74.13
2021-08-25,74.23
2021-08-26,74.13
2021-08-27,73.47
2021-08-30,73.29
2021-08-31,72.95
2021-09-01,72.99
2021-09-02,72.99
2021-09-03,72.98
2021-09-06,.
2021-09-07,73.44
2021-09-08,73.84
2021-09-09,73.52
2021-09-10,73.52
2021-09-13,73.58
2021-09-14,73.64
2021-09-15,73.47
2021-09-16,73.56
2021-09-17,73.64
2021-09-20,73.65
2021-09-21,73.71
2021-09-22,73.8
2021-09-23,73.7
2021-09-24,73.81
2021-09-27,73.86
2021-09-28,74.21
2021-09-29,74.28
2021-09-30,74.16
2021-10-01,74.15
2021-10-04,74.46
2021-10-05,74.51
2021-10-06,74.82
2021-10-07,74.85
2021-10-08,75.05
2021-10-11,.
2021-10-12,75.46
2021-10-13,75.33
2021-10-14,75.18
2021-10-15,74.98
2021-10-18,75.32
2021-10-19,75.06
2021-10-20,74.83
2021-10-21,74.8
2021-10-22,74.87
2021-10-25,75.05
2021-10-26,74.9
2021-10-27,75.01
2021-10-28,74.77
2021-10-29,75.0
2021-11-01,74.83
2021-11-02,74.63
2021-11-03,74.51
2021-11-04,74.53
2021-11-05,74.22
2021-11-08,73.91
2021-11-09,74.1
2021-11-10,74.26
2021-11-11,.
2021-11-12,74.4
2021-11-15,74.35
2021-11-16,74.48
2021-11-17,74.28
2021-11-18,74.25
2021-11-19,74.25
2021-11-22,74.37
2021-11-23,74.49
2021-11-24,74.57
2021-11-25,.
2021-11-26,74.89
2021-11-29,75.12
2021-11-30,75.1
2021-12-01,74.83
2021-12-02,74.89
2021-12-03,75.24
2021-12-06,75.39
2021-12-07,75.43
2021-12-08,75.4
2021-12-09,75.58
2021-12-10,75.66
2021-12-13,75.78
2021-12-14,75.98
2021-12-15,76.38
2021-12-16,76.18
2021-12-17,75.98
2021-12-20,75.82
2021-12-21,75.67
2021-12-22,75.45
2021-12-23,75.02
2021-12-24,.
2021-12-27,74.97
2021-12-28,74.67
2021-12-29,74.58
2021-12-30,74.39
2021-12-31,.
2022-01-03,74.32
2022-01-04,74.52
2022-01-05,74.31
2022-01-06,74.4
2022-01-07,74.27
2022-01-10,74.06
2022-01-11,73.81
2022-01-12,73.77
2022-01-13,73.96
2022-01-14,74.08
2022-01-17,.
2022-01-18,74.56
2022-01-19,74.39
2022-01-20,74.32
2022-01-21,74.28
2022-01-24,74.72
2022-01-25,74.73
2022-01-26,74.87
2022-01-27,75.18
2022-01-28,75.0
2022-01-31,74.6
2022-02-01,74.78
2022-02-02,74.77
2022-02-03,74.71
2022-02-04,74.61
2022-02-07,74.68
2022-02-08,74.71
2022-02-09,74.8
2022-02-10,75.07
2022-02-11,75.34
2022-02-14,75.63
2022-02-15,75.2
2022-02-16,75.03
2022-02-17,75.02
2022-02-18,74.63
2022-02-21,.
2022-02-22,74.65
2022-02-23,74.6
2022-02-24,75.61
2022-02-25,75.09
2022-02-28,75.49
2022-03-01,75.79
2022-03-02,75.61
2022-03-03,75.94
2022-03-04,76.42
2022-03-07,76.91
2022-03-08,77.07
2022-03-09,76.36
2022-03-10,76.37
2022-03-11,76.48
2022-03-14,76.45
2022-03-15,76.41
2022-03-16,76.17
2022-03-17,75.94
2022-03-18,76.03
2022-03-21,76.19
2022-03-22,76.06
2022-03-23,76.46
2022-03-24,76.18
2022-03-25,76.25
2022-03-28,76.06
2022-03-29,75.58
2022-03-30,75.76
2022-03-31,75.87
2022-04-01,75.96
2022-04-04,75.42
2022-04-05,75.31
2022-04-06,75.92
2022-04-07,75.9
2022-04-08,75.93
2022-04-11,75.85
2022-04-12,76.02
2022-04-13,76.14
2022-04-14,76.19
2022-04-15,76.32
2022-04-18,76.22
2022-04-19,76.39
2022-04-20,76.24
2022-04-21,76.23
2022-04-22,76.49
2022-04-25,76.72
2022-04-26,76.61
2022-04-27,76.61
2022-04-28,76.66
2022-04-29,76.48
2022-05-02,76.49
2022-05-03,76.49
2022-05-04,76.24
2022-05-05,76.54
2022-05-06,76.9
2022-05-09,77.45
2022-05-10,77.31
2022-05-11,77.28
2022-05-12,77.39
2022-05-13,77.42
2022-05-16,77.82
2022-05-17,77.46
2022-05-18,77.71
2022-05-19,77.45
2022-05-20,77.79
2022-05-23,77.51
2022-05-24,77.5
2022-05-25,77.58
2022-05-26,77.66
2022-05-27,77.58
2022-05-30,.
2022-05-31,77.59
2022-06-01,77.59
2022-06-02,77.41
2022-06-03,77.59
2022-06-06,77.83
2022-06-07,77.66
2022-06-08,77.65
2022-06-09,77.84
2022-06-10,78.08
2022-06-13,78.08
2022-06-14,78.01
2022-06-15,78.12
2022-06-16,78.0
2022-06-17,78.0
2022-06-20,.
2022-06-21,78.08
2022-06-22,78.21
2022-06-23,78.14
2022-06-24,78.25
2022-06-27,78.45
2022-06-28,78.97
2022-06-29,78.91
2022-06-30,79.02
2022-07-01,78.89
2022-07-04,.
2022-07-05,79.27
2022-07-06,79.02
2022-07-07,79.12
2022-07-08,79.25
2022-07-11,79.46
2022-07-12,79.45
2022-07-13,79.68
2022-07-14,79.94
2022-07-15,79.74
2022-07-18,79.99
2022-07-19,79.88
2022-07-20,79.96
2022-07-21,79.85
2022-07-22,79.83
2022-07-25,79.79
2022-07-26,79.82
2022-07-27,79.92
2022-07-28,79.64
2022-07-29,79.33
2022-08-01,78.93
2022-08-02,78.49
2022-08-03,79.13
2022-08-04,79.23
2022-08-05,79.36
2022-08-08,79.58
2022-08-09,79.65
2022-08-10,79.07
2022-08-11,79.54
2022-08-12,79.65
2022-08-15,79.48
2022-08-16,79.31
2022-08-17,79.41
2022-08-18,79.66
2022-08-19,79.89
2022-08-22,79.86
2022-08-23,79.81
2022-08-24,79.82
2022-08-25,79.9
2022-08-26,79.87
2022-08-29,79.96
2022-08-30,79.6
2022-08-31,79.45
2022-09-01,79.65
2022-09-02,79.7
2022-09-05,.
2022-09-06,79.86
2022-09-07,79.82
2022-09-08,79.71
2022-09-09,79.61
2022-09-12,79.35
2022-09-13,79.49
2022-09-14,79.41
2022-09-15,79.82
2022-09-16,79.66
2022-09-19,79.71
2022-09-20,79.72
2022-09-21,79.96
2022-09-22,81.0
2022-09-23,81.11
2022-09-26,81.6
2022-09-27,81.63
2022-09-28,81.61
2022-09-29,81.54
2022-09-30,81.37
2022-10-03,81.56
2022-10-04,81.45
2022-10-05,81.5
2022-10-06,82.06
2022-10-07,82.32
2022-10-10,.
2022-10-11,82.22
2022-10-12,82.25
2022-10-13,82.28
2022-10-14,82.28
2022-10-17,82.16
2022-10-18,82.29
2022-10-19,82.95
2022-10-20,82.66
2022-10-21,82.58
2022-10-24,82.68
2022-10-25,82.44
2022-10-26,82.73
2022-10-27,82.36
2022-10-28,82.33
2022-10-31,82.73
2022-11-01,82.62
2022-11-02,82.72
2022-11-03,82.76
2022-11-04,82.03
2022-11-07,81.95
2022-11-08,81.27
2022-11-09,81.25
2022-11-10,80.72
2022-11-11,.
2022-11-14,80.98
2022-11-15,80.94
2022-11-16,81.46
2022-11-17,81.69
2022-11-18,81.76
2022-11-21,81.68
2022-11-22,81.69
2022-11-23,81.71
2022-11-24,.
2022-11-25,81.73
2022-11-28,81.61
2022-11-29,81.61
2022-11-30,81.43
2022-12-01,81.17
2022-12-02,81.41
2022-12-05,81.77
2022-12-06,82.42
2022-12-07,82.31
2022-12-08,82.29
2022-12-09,82.46
2022-12-12,82.67
2022-12-13,82.49
2022-12-14,82.5
2022-12-15,82.75
2022-12-16,82.71
2022-12-19,82.65
2022-12-20,82.58
2022-12-21,82.81
2022-12-22,82.93
2022-12-23,82.86
2022-12-26,.
2022-12-27,82.88
2022-12-28,82.74
2022-12-29,82.83
2022-12-30,82.72
2023-01-02,.
2023-01-03,82.86
2023-01-04,82.72
2023-01-05,82.57
2023-01-06,82.72
2023-01-09,82.36
2023-01-10,81.6
2023-01-11,81.6
2023-01-12,81.19
2023-01-13,81.31
2023-01-16,.
2023-01-17,81.57
2023-01-18,81.33
2023-01-19,81.28
2023-01-20,80.99
2023-01-23,81.41
2023-01-24,81.53
2023-01-25,81.49
2023-01-26,81.59
2023-01-27,81.54
2023-01-30,81.47
2023-01-31,81.69
2023-02-01,81.73
2023-02-02,82.03
2023-02-03,82.21
2023-02-06,82.77
2023-02-07,82.81
2023-02-08,82.65
2023-02-09,82.44
2023-02-10,82.47
2023-02-13,82.72
2023-02-14,82.86
2023-02-15,82.78
2023-02-16,82.74
2023-02-17,82.73
2023-02-20,.
2023-02-21,82.85
2023-02-22,82.78
2023-02-23,82.59
2023-02-24,82.97
2023-02-27,82.69
2023-02-28,82.57
2023-03-01,82.43
2023-03-02,82.41
2023-03-03,81.98
2023-03-06,81.77
2023-03-07,81.93
2023-03-08,81.86
2023-03-09,82.02
2023-03-10,81.93
2023-03-13,82.19
2023-03-14,82.25
2023-03-15,82.84
2023-03-16,82.63
2023-03-17,82.56
2023-03-20,82.55
2023-03-21,82.59
2023-03-22,82.66
2023-03-23,82.07
2023-03-24,82.34
2023-03-27,82.24
2023-03-28,82.17
2023-03-29,82.18
2023-03-30,82.34
2023-03-31,82.19
2023-04-03,82.24
2023-04-04,82.33
2023-04-05,81.89
2023-04-06,81.86
2023-04-07,81.85
2023-04-10,82.01
2023-04-11,82.04
2023-04-12,81.98
2023-04-13,81.65
2023-04-14,81.88
2023-04-17,81.98
2023-04-18,82.08
2023-04-19,82.18
2023-04-20,82.1
2023-04-21,82.06
2023-04-24,81.9
2023-04-25,81.92
2023-04-26,81.74
2023-04-27,81.84
2023-04-28,81.84
2023-05-01,81.84
2023-05-02,81.89
2023-05-03,81.83
2023-05-04,81.73
2023-05-05,81.81
2023-05-08,81.78
2023-05-09,82.04
2023-05-10,81.94
2023-05-11,82.13
2023-05-12,82.17
2023-05-15,82.3
2023-05-16,82.26
2023-05-17,82.39
2023-05-18,82.77
2023-05-19,82.65
2023-05-22,82.83
2023-05-23,82.84
2023-05-24,82.66
2023-05-25,82.76
2023-05-26,82.58
2023-05-29,.
2023-05-30,82.67
2023-05-31,82.68
2023-06-01,82.41
2023-06-02,82.35
2023-06-05,82.67
2023-06-06,82.61
2023-06-07,82.5
2023-06-08,82.57
2023-06-09,82.46
2023-06-12,82.43
2023-06-13,82.38
2023-06-14,82.1
2023-06-15,82.18
2023-06-16,81.89
2023-06-19,.
2023-06-20,82.11
2023-06-21,82.04
2023-06-22,81.93
2023-06-23,82.01
